Japanese Pokemon Gold, $9.99,
Japanese Pokemon Silver, $9.99,
Spanish Pokemon Gold, $8.44,
Gift Pokemon Gold, $9.99,

Monster Hunter Stories, $34.23,
Samus Returns 3DS Special Edition, $37.44,
Pokken Tournament DX, $46.77,

Radiant Historia Perfect Chronology PERFECT EDITION JP, $65.36,
Etrian Mystery Dungeon 2 JP 10th Anniversary Box, $94.21,
Etrian Mystery Dungeon 2 JP Digital, $66.35,
Etrian Mystery Dungeon NA Digital, $29.99,
Samus + Metroid Amiibo,	$25.67,

Pokemon Green Digital,	$7.01,

Yokai Watch 2: Psychic Specters, $34.23, 2017-09-29
